Field_Name,Table
A1SPINAE,AD1
A1CAUSE,AD1
A1DESCPT,AD1
A1AEPSP,AD1
A1AEBSP,AD1
AD1COMM,AD1
A1PISIGN,NONE
Y1DESCPT,AD1
A2SUMM,AD2
A2MEDHX,AD2
A2_01DNM,AD2
A2_01DIN,AD2
A2_02DNM,AD2
A2_02DIN,AD2
A2_03DNM,AD2
A2_03DIN,AD2
A2_04DNM,AD2
A2_04DIN,AD2
A2_05DNM,AD2
A2_05DIN,AD2
A2_06DNM,AD2
A2_06DIN,AD2
A2_07DNM,AD2
A2_07DIN,AD2
A2_08DNM,AD2
A2_08DIN,AD2
A2_09DNM,AD2
A2_09DIN,AD2
A2_10DNM,AD2
A2_10DIN,AD2
A2_1TNME,AD2
A2_1TIND,AD2
A2_2TNME,AD2
A2_2TIND,AD2
A2_3TNME,AD2
A2_3TIND,AD2
A2_4TNME,AD2
A2_4TIND,AD2
A2_5TNME,AD2
A2_5TIND,AD2
A2_1LBNM,AD2
A2_1LBIN,AD2
A2_2LBNM,AD2
A2_2LBIN,AD2
A2_3LBNM,AD2
A2_3LBIN,AD2
A2_4LBNM,AD2
A2_4LBIN,AD2
A2_5LBNM,AD2
A2_5LBIN,AD2
A2FOLLUP,AD2
A2ADDINF,AD2
A3ADDINF,AD3
A3ASRID,AD3
A3REVID,AD3
A3COMM,AD3
ARDRUG01,ARV
ARDRUG02,ARV
ARDRUG03,ARV
ARDRUG04,ARV
ARDRUG05,ARV
ARDRUG06,ARV
ARDRUG07,ARV
ARDRUG08,ARV
ARDRUG09,ARV
ARDRUG10,ARV
ARDRUG11,ARV
ARDRUG12,ARV
ARDRUG13,ARV
ARDRUG14,ARV
ARDRUG15,ARV
ARDRUG16,ARV
ARDRUG17,ARV
ARDRUG18,ARV
ARDRUG19,ARV
ARDRUG20,ARV
ARDRUG21,ARV
ARDRUG22,ARV
ARDRUG23,ARV
ARDRUG24,ARV
ARDRUG25,ARV
ARDRUG26,ARV
ARDRUG27,ARV
ARDRUG28,ARV
ARDRUG29,ARV
ARDRUG30,ARV
ARDRUG31,ARV
ARDRUG32,ARV
ARDRUG33,ARV
ARDRUG34,ARV
ARDRUG35,ARV
ARVCOMM,ARV
ADALACOM,ASD
ADALICOM,ASD
ADHERCOM,ASD
ADMDPCOM,ASD
ADMDICOM,ASD
ADOPICOM,ASD
ADBARCOM,ASD
ADSHTCOM,ASD
ADCOCCOM,ASD
ADAMPCOM,ASD
ADMETCOM,ASD
ADTHCCOM,ASD
ADHALCOM,ASD
ADINHCOM,ASD
ADGT1COM,ASD
ADMJDGCM,ASD
ADALDTCM,ASD
ADATRTCM,ASD
ADDTRTCM,ASD
ADADTXCM,ASD
ADDDTXCM,ASD
ADAMNYCM,ASD
ADDMNYCM,ASD
ADOPTCOM,ASD
ADAP30CM,ASD
ADAB30CM,ASD
ADAI30CM,ASD
ADDP30CM,ASD
ADDB30CM,ASD
ADDI30CM,ASD
ASDCOMM,ASD
AEEDCPCM,ASE
AETECPCM,ASE
AEDRVLCM,ASE
AEAUTOCM,ASE
AEJOBCM,ASE
AEOCCPSP,ASE
AEOCCPCM,ASE
AESUPPCM,ASE
AEUSEMCM,ASE
AEPAIDCM,ASE
AEEMNYCM,ASE
AEUMNYCM,ASE
AEWMNYCM,ASE
AEPMNYCM,ASE
AEMMNYCM,ASE
AEIMNYCM,ASE
AEDPNDCM,ASE
AEEP30CM,ASE
AEEB30CM,ASE
AEEC30CM,ASE
ASECOMM,ASE
AFMRTLCM,ASF
AFMSATCM,ASF
AFLVARCM,ASF
AFLSATCM,ASF
AFLVALCM,ASF
AFLVDGCM,ASF
AFFREECM,ASF
AFSFRECM,ASF
AFOSFMSP,ASF
AFPRBLCM,ASF
AFFC30CM,ASF
AFFB30CM,ASF
AFFI30CM,ASF
AFSC30CM,ASF
AFSB30CM,ASF
AFSI30CM,ASF
ASFCOMM,ASF
AGADDRCM,ASG
AGRELGSP,ASG
AGRELGCM,ASG
AGCENVSP,ASG
AGCENVCM,ASG
AGCEDSCM,ASG
ASGCOMM,ASG
ASICOMM,ASI
ALCJSCM,ASL
ALPRBTCM,ASL
ALSLFTCM,ASL
ALPPVLCM,ASL
ALDCHRCM,ASL
ALFORGCM,ASL
ALWEAPCM,ASL
ALBURGCM,ASL
ALROBBCM,ASL
ALASLTCM,ASL
ALARSNCM,ASL
ALRAPECM,ASL
ALMRDRCM,ASL
ALPRSTCM,ASL
ALCNTPCM,ASL
ALOARRCM,ASL
ALOTHASP,ASL
ALARSTCM,ASL
ALCNVTCM,ASL
ALDCNDCM,ASL
ALDWICM,ASL
ALDRVLCM,ASL
ALINCRCM,ASL
ALCTSPCM,ASL
ALIN30CM,ASL
ALIP30CM,ASL
ALLP30CM,ASL
ALLI30CM,ASL
ALCOMM,ASL
AMHOSPCM,ASM
AMCRMPSP,ASM
AMCRMPCM,ASM
AMRXPHSP,ASM
AMRXPHCM,ASM
AMPNPDSP,ASM
AMPNDCM,ASM
AMPR30CM,ASM
AMPB30CM,ASM
AMMI30CM,ASM
ASMCOMM,ASM
APPIHCM,ASP
APPOHPCM,ASP
APPENPCM,ASP
APDEPCM,ASP
APANXCM,ASP
APHLCCM,ASP
APCNCCM,ASP
APVLTCM,ASP
APTOSCM,ASP
APASUCM,ASP
APMEDCM,ASP
APPR30CM,ASP
APPB30CM,ASP
APPI30CM,ASP
APCOMM,ASP
ATEVRSP,AST
ASTCOMM,AST
AUSEDLSP,ASU
AUTNQLSP,ASU
AUPNKLSP,ASU
AUSTMLSP,ASU
AUTHCLSP,ASU
AUCOCLSP,ASU
AUHALLSP,ASU
AUINHLSP,ASU
AUOTHLSP,ASU
ASUCOMM,ASU
ATOTDGSP,AT3
ATLCOMM,ATL
AUCCOMM,AUC
BBNBLDSP,BBL
BBPKACC,BBL
BBPK1NSP,BBL
BBPK2NSP,BBL
BBLCOMM,BBL
BCMCOMM,BCM
BDICOMM,BDI
BSTCOMM,BS2
CCQCOMM,CCQ
CCSCOMM,NONE
CDSCOMM,CD1
CFTCOMM,NONE
CHMETHOD,CHC
CHCCOMM,CHC
CHPCOMM,CHP
CIACOMM,CIA
CICCOMM,CIC
CIHALSP,CID
CIOTHSP,CID
CIDCOMM,CID
CIHCOMM,CIH
CIICOMM,CII
CILCOMM,CIL
CIMCOMM,CIM
CIOCOMM,CIO
CIPCOMM,CIP
CIRCOMM,CIR
CISCOMM,CIS
CITCOMM,CIT
CIYCOMM,CIY
CMSCOMM,CMS
CRCCOMM,CRC
CUMESP01,CUQ
CUMESP02,CUQ
CUMESP03,CUQ
CUMESP04,CUQ
CUMESP05,CUQ
CUMESP06,CUQ
CUMESP07,CUQ
CUMESP08,CUQ
CUQCOMM,CUQ
SVASPNSR,SVA
SVAPRTIL,SVA
SVAPRTNO,NONE
SVASITE,NONE
SVASTNM,SVA
SVASPI,SVA
SVASSC,SVA
SVASIP,NONE
SVAOPSS,SVA
SVASPREP,NONE
SVAOTVIS,SVA
SVASTMON,NONE
SVAPREP,NONE
SVAAPRVE,NONE
SVAEXSUM,SVA
SVASIGOB,NONE
SVBSITE,SVB
SVBCNLAB,SVB
SVBIPHRM,SVB
SVBASTF,SVB
SVBASTRL,SVB
SVBBSTF,SVB
SVBBSTRL,SVB
SVBCSTF,SVB
SVBCSTRL,SVB
SVBDSTF,SVB
SVBDSTRL,SVB
SVBESTF,SVB
SVBESTRL,SVB
SVBFSTF,SVB
SVBFSTRL,SVB
SVBGSTF,SVB
SVBGSTRL,SVB
SVBHSTF,SVB
SVBHSTRL,SVB
SVBISTF,SVB
SVBISTRL,SVB
SVBJSTF,SVB
SVBJSTRL,SVB
SVBKSTF,SVB
SVBKSTRL,SVB
SVBLSTF,SVB
SVBLSTRL,SVB
SVBMSTF,SVB
SVBMSTRL,SVB
SVBNSTF,SVB
SVBNSTRL,SVB
SVBOSTF,SVB
SVBOSTRL,SVB
SVBLSNEW,SVB
SVBLSOLD,SVB
SVCRESP,SVC
SVDTER,SVD
SVDRWCON,SVD
SVDRWASS,NONE
SVDCSLT,SVD
SVESUB,NONE
SVEFORM,NONE
SVEKEY,NONE
SVGSBID,NONE
SVGDDES,NONE
SVGACT,NONE
SVGOSID,NONE
SVGODDS,NONE
SVGOACT,NONE
SVKFIELD,NONE
SVKFORM,NONE
SVKRESP,NONE
SVKACT,NONE
SVKTRAIN,NONE
D51COMM,D51
D54COMD1,D54
D54COMD2,D54
D54COMD3,D54
D54COMD4,D54
D54COMD5,D54
D54COMD6,D54
D54COMD7,D54
D54COMM,D54
DEPACISO,NONE
DEASIAOT,NONE
DERACESP,NONE
DEJOBSP,NONE
DEMCOMM,DEM
DRACOMM,DRA
DSMCOMM,DSM
DSSCOMM,DSS
DTLOCOSP,DTX
DTLOCASP,DTX
DTXCOMM,DTX
DXSCOMM,DXS
DTDCOM01,DXU
DTDCOM02,DXU
DTDCOM03,DXU
DTDCOM04,DXU
DTDCOM05,DXU
DTDCOM06,DXU
DTDCOM07,DXU
DTDCOM08,DXU
DTDCOM09,DXU
DTDCOM10,DXU
DTDCOM11,DXU
DTDCOM12,DXU
DTDCOM13,DXU
DTDCOM14,DXU
DTDCOM15,DXU
DXUCOMM,DXU
ECOTHSP,ECG
ECGCOMM,ECG
R1NCMOTH,ENR
R1OTHRSP,ENR
R1COMM,ENR
S1COMM,ENR
R4MDOTSP,ENR
R4EGOTSP,ENR
R4COMM,ENR
S3COMM,ENR
S2COMM,ENR
S2CST1OT,ENR
S2CST2OT,ENR
R2JGTSP,ENR
R2OTHRSP,ENR
R2COMM,ENR
R3JGOTSP,ENR
R3COMM,ENR
R3OTHRSP,NONE
S4COMM,ENR
S7COMM,ENR
S7OT1SP,ENR
S7OT2SP,ENR
R7JGOTSP,ENR
R7OTHRSP,ENR
R7COMM,ENR
R6COMM,ENR
R9COMM,ENR
R8COMM,ENR
S8COMM,ENR
EOSTOPSP,EOM
EOLDSRSP,EOM
EOMCOMM,EOM
EORSNSP,EOT
EOTCOMM,EOT
ETS1OTSP,ETG
ET01OTSP,ETG
ET04OTSP,ETG
ET08OTSP,ETG
ET12OTSP,ETG
ET16OTSP,ETG
ETGCOMM,ETG
FAPTPOB,FAM
FAPTANCS,FAM
FABMPOB,FAM
FABMANCS,FAM
FABFPOB,FAM
FABFANCS,FAM
FAMMPOB,FAM
FAMMANCS,FAM
FAMFPOB,FAM
FAMFANCS,FAM
FAPMPOB,FAM
FAPMANCS,FAM
FAPFPOB,FAM
FAPFANCS,FAM
FAMCOMM,FAM
FNDCOMM,FND
FOSRCESP,FOD
FODCOMM,FOD
FSUCOMM,NONE
GEGENID,GEN
GEALTID,GEN
GENCOMM,GEN
SNSECOND,NONE
COMMENT,GTM
ORIGVOL,NONE
RESVOL,NONE
LOCATION,NONE
SNORIG,NONE
ORIGSITE,NONE
SNPOOL,NONE
SNPRNT,NONE
BOXID,NONE
HAMSCORE,HAM
HAMCOMM,HAM
HCUCOMM,HCU
HIOSYST1,HIT
HIOSYSD1,HIT
HIOSYST2,HIT
HIOSYSD2,HIT
HIOSYST3,HIT
HIOSYSD3,HIT
HIOSYST4,HIT
HIOSYSD4,HIT
HIOSYST5,HIT
HIOSYSD5,HIT
HIOSYST6,HIT
HIOSYSD6,HIT
HIEHRNM,HIT
HIEHRVRS,HIT
HIEHRVSP,HIT
HIPSYNM,HIT
HIPSYVRS,HIT
HIPSYVND,HIT
HIPMGTNM,HIT
HIPMGTVR,HIT
HIPMGTVN,HIT
HIMHLTNM,HIT
HIRSNAME,HIT
HIRSOTH,HIT
HIPLCDES,HIT
HISENDSC,HIT
HINOPROV,HIT
HIVCOMM,HIV
HWSDUMMY,HWS
INETRT1,INA
INECOM1,INA
INETRT2,INA
INECOM2,INA
INETRT3,INA
INECOM3,INA
INETRT4,INA
INECOM4,INA
INETRT5,INA
INECOM5,INA
INETRT6,INA
INECOM6,INA
INETRT7,INA
INECOM7,INA
INETRT8,INA
INECOM8,INA
INETRT9,INA
INECOM9,INA
INETRT10,INA
INECOM10,INA
INETRT11,INA
INECOM11,INA
INETRT12,INA
INECOM12,INA
INACOMM,INA
INFCOMM,INF
INDIFRES,INJ
INADMNSP,INJ
INJCOMM,INJ
INTSEE,INS
INTTOUCH,INS
INTAUDIO,INS
INTOTHTC,INS
INCOMPB1,INS
INRECLB1,INS
INJUDGB1,INS
INRESPB1,INS
INOTHRB1,INS
INCOMPB2,INS
INRECLB2,INS
INJUDGB2,INS
INRESPB2,INS
INOTHRB2,INS
INCOMPB3,INS
INRECLB3,INS
INJUDGB3,INS
INRESPB3,INS
INOTHRB3,INS
INCOMPB4,INS
INRECLB4,INS
INJUDGB4,INS
INRESPB4,INS
INOTHRB4,INS
INCOMPC1,INS
INCOMPC2,INS
INCOMPC3,INS
INCOMPC4,INS
INCOMPC5,INS
INCOMPC7,INS
INCOMPC6,INS
INCOMPC8,INS
INRECLC1,INS
INRECLC2,INS
INRECLC3,INS
INRECLC4,INS
INRECLC5,INS
INRECLC6,INS
INRECLC7,INS
INRECLC8,INS
INJUDGC1,INS
INJUDGC2,INS
INJUDGC3,INS
INJUDGC4,INS
INJUDGC5,INS
INJUDGC6,INS
INJUDGC7,INS
INJUDGC8,INS
INRESPC1,INS
INRESPC2,INS
INRESPC3,INS
INRESPC4,INS
INRESPC5,INS
INRESPC6,INS
INOTHRC1,INS
INOTHRC2,INS
INOTHRC3,INS
INOTHRC4,INS
INOTHRC5,INS
INOTHRC6,INS
INOTHRC7,INS
INOTHRC8,INS
INRESPC7,INS
INRESPC8,INS
INSCOMM,INS
INVCOMM,INV
INXCOMM,INX
ISPRMQ1,IS1
ISPOP1,IS1
ISDOTSP1,IS1
ISINCL1,IS1
ISEXCL1,IS1
ISINSTR1,IS1
ISOUTCM1,IS1
ISELEM1,IS1
ISOINST1,IS1
ISTRT1,IS1
ISOTPSP1,IS1
ISAMOSP1,IS1
ISMIXSP1,IS1
ISSOTSP1,IS1
ISFOTSP1,IS1
ISOTDSP1,IS1
ISOTINF1,IS1
ISPRMQ2,IS2
ISPOP2,IS2
ISDOTSP2,IS2
ISINCL2,IS2
ISEXCL2,IS2
ISINSTR2,IS2
ISOUTCM2,IS2
ISELEM2,IS2
ISOINST2,IS2
ISTRT2,IS2
ISOTPSP2,IS2
ISAMOSP2,IS2
ISMIXSP2,IS2
ISSOTSP2,IS2
ISFOTSP2,IS2
ISOTDSP2,IS2
ISOTINF2,IS2
ISPRMQ3,IS3
ISPOP3,IS3
ISDOTSP3,IS3
ISINCL3,IS3
ISEXCL3,IS3
ISINSTR3,IS3
ISOUTCM3,IS3
ISELEM3,IS3
ISOINST3,IS3
ISTRT3,IS3
ISOTPSP3,IS3
ISAMOSP3,IS3
ISMIXSP3,IS3
ISSOTSP3,IS3
ISFOTSP3,IS3
ISOTDSP3,IS3
ISOTINF3,IS3
ISPRMQ4,IS4
ISPOP4,IS4
ISDOTSP4,IS4
ISINCL4,IS4
ISEXCL4,IS4
ISINSTR4,IS4
ISOUTCM4,IS4
ISELEM4,IS4
ISOINST4,IS4
ISTRT4,IS4
ISOTPSP4,IS4
ISAMOSP4,IS4
ISMIXSP4,IS4
ISSOTSP4,IS4
ISFOTSP4,IS4
ISOTDSP4,IS4
ISOTINF4,IS4
ISPRMQ5,IS5
ISPOP5,IS5
ISDOTSP5,IS5
ISINCL5,IS5
ISEXCL5,IS5
ISINSTR5,IS5
ISOUTCM5,IS5
ISELEM5,IS5
ISOINST5,IS5
ISTRT5,IS5
ISOTPSP5,IS5
ISAMOSP5,IS5
ISMIXSP5,IS5
ISSOTSP5,IS5
ISFOTSP5,IS5
ISOTDSP5,IS5
ISOTINF5,IS5
IW2DUMMY,IW2
IWSDUMMY,IWS
LABCOMM,LAB
LSRCOMM,LSR
MADCOMM,MAD
MAOT1SP,MAT
MAOT2SP,MAT
MATCOMM,MAT
MHEYESP,MHX
MHEARSP,MHX
MHRESPSP,MHX
MHCARDSP,MHX
MHLIVRSP,MHX
MHGISP,MHX
MHSKINSP,MHX
MHMUSCSP,MHX
MHMETASP,MHX
MHENDOSP,MHX
MHRENLSP,MHX
MHREPOSP,MHX
MHELPYSP,MHX
MHNEURSP,MHX
MHNERVSP,MHX
MHANXSP,MHX
MHADHDSP,MHX
MHBPLRSP,MHX
MHMDDSP,MHX
MHSCHZSP,MHX
MHSIDSP,MHX
MHSBEHSP,MHX
MHHIDSP,MHX
MHHBEHSP,MHX
MHVBEHSP,MHX
MHPSYESP,MHX
MHPSYOSP,MHX
MHOTHR1,MHX
MHOTHR1S,MHX
MHOTHR2,MHX
MHOTHR2S,MHX
MHOTHR3,MHX
MHOTHR3S,MHX
MHSRG1,MHX
MHSRG2,MHX
MHSRG3,MHX
MHSRG4,MHX
MHSRG5,MHX
MHTRTOSP,MHX
MHHIVOSP,MHX
MHXCOMM,MHX
MINCOMM,MIN
MMPSYCSP,MMC
MMCCOMM,MMC
MDPSYCSP,MMD
MMDCOMM,MMD
MMCOMM00,MML
MMCOMM01,MML
MMCOMM02,MML
MMCOMM03,MML
MMCOMM04,MML
MMCOMM06,MML
MMCOMM08,MML
MMCOMM10,MML
MMCOMM12,MML
MMCOMM14,MML
MMCOMM16,MML
MMCOMM20,MML
MMCOMM24,MML
MMCOMEOT,MML
MMUSCM01,MML
MMUSCM02,MML
MMUSCM03,MML
MMUSCM04,MML
MMUSCM05,MML
MMUSCM06,MML
MMUSCM07,MML
MMUSCM08,MML
MMUSCM09,MML
MMUSCM10,MML
MMLCOMM,MML
MTENDOSP,MMT
MTPSYCSP,MMT
MMTCOMM,MMT
MOTCOMM,MOT
MPRCOM01,MPC
MPRCOM02,MPC
MPRCOM03,MPC
MPRCOM04,MPC
MPRCOM05,MPC
MPRCOM06,MPC
MPRCOM07,MPC
MPRCOM08,MPC
MPRCOM09,MPC
MPRCOM10,MPC
MPRCOM11,MPC
MPRCOM12,MPC
MPRCOM13,MPC
MPRCOM14,MPC
MPRCOM15,MPC
MPRCOM16,MPC
MPRCOM17,MPC
MPRCOM18,MPC
MPRCOM19,MPC
MPCCOMM,MPC
MPCOMD01,MPR
MPCOMD02,MPR
MPCOMD03,MPR
MPCOMD04,MPR
MPCOMD05,MPR
MPCOMD06,MPR
MPCOMD07,MPR
MPCOMD08,MPR
MPCOMD09,MPR
MPCOMD10,MPR
MPCOMD11,MPR
MPCOMD12,MPR
MPCOMD13,MPR
MPCOMD14,MPR
MPCOMD15,MPR
MPCOMD16,MPR
MPCOMD17,MPR
MPCOMD18,MPR
MPCOMD19,MPR
MPCOMD20,MPR
MPCOMD21,MPR
MPCOMD22,MPR
MPCOMD23,MPR
MPCOMD24,MPR
MPCOMD25,MPR
MPCOMD26,MPR
MPCOMD27,MPR
MPCOMD28,MPR
MPCOMD29,MPR
MPCOMD30,MPR
MPCOMD31,MPR
MPCOMD32,MPR
MPCOMD33,MPR
MPCOMD34,MPR
MPCOMD35,MPR
MPCOMD36,MPR
MPCOMD37,MPR
MPCOMD38,MPR
MPCOMD39,MPR
MPCOMD40,MPR
MPCOMD41,MPR
MPCOMD42,MPR
MPCOMD85,MPR
MPCOMD86,MPR
MPCOMD87,MPR
MPRCOMM,MPR
MVOTHRSP,MVF
MVFCOMM,MVF
NFOCOMM,NFO
NMRXOTSP,NMS
NMDCCONV,NMS
NMOTCRSP,NMS
NMSCOMM,NMS
NXCCOMM,NXC
NXWCOMM,NXW
OCDCOMM,OCD
OFSAMPID,OFT
OFTCOM,OFT
ONXCOMM,ONX
PBACOMM,PBA
PBBCNOSP,PBC
PBBCOSP,PBC
PBCCOMM,PBC
PCLCOMM,PCL
PCINDOTH,PCM
PCMCOMM,PCM
PDSECTN,PDR
PDPLATRA,PDR
PDPSRVID,PDR
PDPSCOMM,PDR
PDSITESP,PDR
PDIRBSP,PDR
PDPMRVID,PDR
PVCOMM,PDR
PDTYPSP,PDV
PDDESCPT,PDV
PDACTION,PDV
PDPREVRE,PDV
PDVCOMM,PDV
PEPNOSP,PEG
PEGCOMM,PEG
PEGASP,PEX
PESHNSP,PEX
PEHDNKSP,PEX
PEENTSP,PEX
PECARDSP,PEX
PERESPSP,PEX
PEGASTSP,PEX
PEEXTRSP,PEX
PELYMPSP,PEX
PEMUSCSP,PEX
PENEURSP,PEX
PEINJSSP,PEX
PEOTHESP,PEX
PEBDHBSP,PEX
PEHLTHSP,PEX
PEXCOMM,PEX
PMUCOMM,PM2
PMOSITE,NONE
PMORCSP,NONE
PO1ABNSP,PO1
PO1COMM,PO1
PO2ABNSP,PO2
PO2COMM,PO2
PO3ABNSP,PO3
PO3COMM,PO3
PO4ABNSP,PO4
PO4COMM,PO4
PPSYSNM,NONE
PPPRCNM,NONE
PPOTSET,NONE
PPAMSET,NONE
PPMIXSET,NONE
PPCRESP,NONE
PPPYSP,NONE
PPRSSP,NONE
PPICOMM,NONE
PRHCOMM,PR2
PROTCNSP,PRG
PROTCMSP,PRG
PRRSOBSP,PRG
PRGCOMM,PRG
PSCCOMM,PS2
PSFINDSP,PSF
PSUSESP,PSF
PSPRMSP,PSF
PSTRTSRV,PSF
PSPSYHSP,PSF
PSMEDSP,PSF
PSSCHSP,PSI
PSFCOMM,PSF
PSPACISO,PSI
PSASINSP,PSI
PSLATNSP,PSI
PSMDEASP,PSI
PSBLCKSP,PSI
PSRACESP,PSI
PSICOMM,PSI
PSMCOMM,PSM
PSSLPSP,PSQ
PSRSOTSP,PSS
PSOTELIG,PSS
PSNSCHSP,PSS
PSSCOMM,PSS
PSNCOTSP,NONE
PSXCOMM,NONE
PVTPSP51,NONE
PVTPSP53,NONE
PVTPSP54,NONE
PVTPSP58,PVL
PVDESCPT,PVL
PVACTION,PVL
PVLCOMM,PVL
PVSECTN,PVR
PVADTINF,PVR
PVREVBY,PVR
PXHELPSP,PXS
PXPTAYSP,PXS
PXPTANSP,PXS
PXCOMCEL,PXS
PXCOMPAR,PXS
PXSCOMM,PXS
S62PRFSP,S62
Q71SITE,Q71
Q71SITSP,Q71
Q71EMAIL,Q71
Q71HSPSP,Q71
Q71PSCSP,Q71
